model_type,folds,mean_mse,mean_mae,mean_rank_ic
lightgbm,20,0.07676607316900862,0.23894308503871073,0.004400152763726678
