delisting_return,ending_value,total_return,delisting_liquidations
0.0,7801257.919313936,6.801257919313936,0
-0.3,7801257.919313936,6.801257919313936,0
-1.0,7801257.919313936,6.801257919313936,0
