test,setting,run_id,cagr,sharpe_ratio,max_drawdown
base,configured,20260613T144115Z-backtest-1a28002d,0.2103834423545925,1.13750627879489,-0.3360310805658241
