delisting_return,ending_value,total_return,delisting_liquidations
0.0,3018706.1829555915,2.0187061829555915,0
-0.3,3018706.1829555915,2.0187061829555915,0
-1.0,3018706.1829555915,2.0187061829555915,0
