delisting_return,ending_value,total_return,delisting_liquidations
0.0,6691566.195615343,5.6915661956153425,0
-0.3,6691566.195615343,5.6915661956153425,0
-1.0,6691566.195615343,5.6915661956153425,0
