{
  "observed_sharpe": 0.944481714118914,
  "expected_max_sharpe": 1.0171018344836606,
  "probability": 0.43347791293915194,
  "trial_count": 61.0
}