{
  "observations": 1319.0,
  "r_squared": 0.8725599599354363,
  "alpha_annualized": 0.0302715620397022,
  "alpha_t_stat": 1.1560840139923687
}