daily_loss,drawdown,realized_vol,beta,single_name_weight,tracking_error,portfolio_daily_return,benchmark_daily_return,active_return
0.00539815692327952,0.0,0.13728015193706056,0.8615858025894588,0.05000000017456611,0.058168242134773895,0.00539815692327952,0.0021722606785117,0.00322589624476782
