{
  "observed_sharpe": 0.7410875144773464,
  "expected_max_sharpe": 1.0117063936222837,
  "probability": 0.2656905949329993,
  "trial_count": 59.0
}