{
  "observations": 1319.0,
  "r_squared": 0.8287592538041761,
  "alpha_annualized": -0.003913134040583443,
  "alpha_t_stat": -0.08933285647558618
}