delisting_return,ending_value,total_return,delisting_liquidations
0.0,7546843.070207425,6.546843070207426,0
-0.3,7546843.070207425,6.546843070207426,0
-1.0,7546843.070207425,6.546843070207426,0
