test,setting,run_id,cagr,sharpe_ratio,max_drawdown
base,configured,20260613T122226Z-backtest-a969876d,0.21038344247401075,1.1375062793318853,-0.3360310805658241
