delisting_return,ending_value,total_return,delisting_liquidations
0.0,9383541.99685441,8.38354199685441,0
-0.3,9383541.99685441,8.38354199685441,0
-1.0,9383541.99685441,8.38354199685441,0
