{
  "observed_sharpe": 0.7539819820576958,
  "expected_max_sharpe": 1.0273183603268043,
  "probability": 0.2640877769656085,
  "trial_count": 65.0
}