{
  "observations": 1319.0,
  "r_squared": 0.8149623091069402,
  "alpha_annualized": 0.00308595634479683,
  "alpha_t_stat": 0.07219948687022222
}