delisting_return,ending_value,total_return,delisting_liquidations
0.0,1800359.2739978263,0.8003592739978262,0
-0.3,1800359.2739978263,0.8003592739978262,0
-1.0,1800359.2739978263,0.8003592739978262,0
