month,portfolio_return,benchmark_return
2023-01,0.0,0.10642913775795826
2023-02,-0.04675319520356458,-0.003597860246632556
2023-03,0.056229976614813104,0.09492727062917261
2023-04,0.05220784125403788,0.005078802293401852
2023-05,-0.026629040976296148,0.0788384531517099
2023-06,0.05383736716107901,0.06303824691423632
2023-07,0.01637405678891657,0.03860101149482409
2023-08,0.017517199146777074,-0.014830017959219455
2023-09,-0.03514481607814579,-0.05079866350444673
2023-10,-0.012097687358925246,-0.020654884227874426
2023-11,0.08675835914733798,0.10818830318566985
2023-12,0.022668915150491964,0.05586964990943066
2024-01,0.06070236558611741,0.01819204488524262
2024-02,0.0861530818013918,0.052833592650218586
2024-03,0.03468916675414202,0.012749598085023406
2024-04,-0.06095148146767959,-0.043737772099025296
2024-05,0.054119156275083125,0.06151828979671725
2024-06,0.05422554454991291,0.0647012033462877
2024-07,-0.022088401085719078,-0.01678105273674979
2024-08,0.02792432763285979,0.011038667246206835
2024-09,0.02653431292574826,0.026215967139363805
2024-10,-0.027329984186422074,-0.00864631850007358
2024-11,0.06769913142855,0.053508285417192436
2024-12,-0.01764657684199833,0.0045402796389353295
2025-01,0.02880254113286429,0.021634023898409183
2025-02,-0.008571549453842198,-0.027034748992067592
2025-03,-0.08841587668923012,-0.07586180430384648
2025-04,-0.015540543070150736,0.013968169223885107
2025-05,0.04712973736311388,0.09178293557726813
2025-06,0.04642935924068414,0.06385843881377906
2025-07,0.02056906675199377,0.024236854046483902
2025-08,0.015994363277158197,0.009539755377875991
2025-09,0.031411871593317375,0.05376215435262588
2025-10,0.03318965262486917,0.0478038174643991
2025-11,0.017189823384035963,-0.015610296739697715
2025-12,-0.005354226684118668,-0.006699323526130341
2026-01,0.013679274212031522,0.012306484762509395
2026-02,0.02388776910303081,-0.02344542544546724
2026-03,-0.07500068984816777,-0.048382514823681166
2026-04,0.07717366184400198,0.15690079127442003
2026-05,0.024246094934089024,0.10568485990999088
2026-06,-0.027743025274109323,-0.028700684687294253
