delisting_return,ending_value,total_return,delisting_liquidations
0.0,3977950.373784448,2.977950373784448,0
-0.3,3977950.373784448,2.977950373784448,0
-1.0,3977950.373784448,2.977950373784448,0
