delisting_return,ending_value,total_return,delisting_liquidations
0.0,7307704.535814268,6.307704535814268,0
-0.3,7307704.535814268,6.307704535814268,0
-1.0,7307704.535814268,6.307704535814268,0
