{
  "observed_sharpe": 0.8904950008299359,
  "expected_max_sharpe": 1.0391367588118767,
  "probability": 0.36555506251330006,
  "trial_count": 70.0
}