{
  "observations": 1319.0,
  "r_squared": 0.8620219364987312,
  "alpha_annualized": 0.025474645708284657,
  "alpha_t_stat": 0.8123523760661502
}