model_type,folds,mean_mse,mean_mae,mean_rank_ic
lightgbm,20,0.07675561236581444,0.238914533536372,0.004314142505759477
