delisting_return,ending_value,total_return,delisting_liquidations
0.0,2334612.0012082593,1.3346120012082592,0
-0.3,2334612.0012082593,1.3346120012082592,0
-1.0,2334612.0012082593,1.3346120012082592,0
