{
  "observed_sharpe": 0.8654876853104106,
  "expected_max_sharpe": 1.0321644871884115,
  "probability": 0.34999771594852735,
  "trial_count": 67.0
}