{
  "observations": 1319.0,
  "r_squared": 0.8631016590883713,
  "alpha_annualized": 0.028372010037436446,
  "alpha_t_stat": 0.857777315228537
}