delisting_return,ending_value,total_return,delisting_liquidations
0.0,4184715.9811383067,3.1847159811383063,0
-0.3,4184715.9811383067,3.1847159811383063,0
-1.0,4184715.9811383067,3.1847159811383063,0
