{
  "observed_sharpe": 1.4301329961262474,
  "expected_max_sharpe": 0.0,
  "probability": 0.9571803207737563,
  "trial_count": 1.0
}