metric,estimate,lower_95,upper_95,one_sided_lower_95,bootstrap_samples,block_size,seed
sharpe_ratio,1.142129109234404,0.060349754811063444,2.4665675738108943,0.25586517007230736,2000,21,42
alpha_annualized,0.03643459159761013,-0.08621931727649061,0.17165526009036297,-0.0661399197158512,2000,21,42
max_drawdown,-0.20720729828763285,-0.28537339476568785,-0.08055600288227166,-0.2588370185318115,2000,21,42
