{
  "observed_sharpe": 1.1411320517687273,
  "expected_max_sharpe": 0.0,
  "probability": 0.9566981582735695,
  "trial_count": 1.0
}