factor,coefficient,annualized_coefficient,t_stat,p_value
alpha,8.199293849733727e-05,0.02066222050132899,0.45923895927754055,0.6460625763289017
Mkt-RF,1.0401648049940597,1.0401648049940597,34.93280188366281,2.362831498084546e-267
SMB,0.20005076451194165,0.20005076451194165,5.991748006876061,2.0759743159177694e-09
HML,0.33709876590051296,0.33709876590051296,8.143372074956773,3.844186338629774e-16
RMW,-0.03791173618305482,-0.03791173618305482,-0.9926190477324268,0.32089563867025894
CMA,0.19707414084627123,0.19707414084627123,4.497480950239198,6.876331991270855e-06
Mom,-0.18091758985464904,-0.18091758985464904,-6.279079699579477,3.405829803171045e-10
