{
  "observations": 544.0,
  "r_squared": 0.8709088125578476,
  "alpha_annualized": 0.02066222050132899,
  "alpha_t_stat": 0.45923895927754055
}