delisting_return,ending_value,total_return,delisting_liquidations
0.0,7307704.543324581,6.307704543324581,0
-0.3,7307704.543324581,6.307704543324581,0
-1.0,7307704.543324581,6.307704543324581,0
