delisting_return,ending_value,total_return,delisting_liquidations
0.0,2130995.083753982,1.130995083753982,0
-0.3,2130995.083753982,1.130995083753982,0
-1.0,2130995.083753982,1.130995083753982,0
