delisting_return,ending_value,total_return,delisting_liquidations
0.0,1467820.721414285,0.4678207214142851,0
-0.3,1467820.721414285,0.4678207214142851,0
-1.0,1467820.721414285,0.4678207214142851,0
