{
  "observed_sharpe": 1.4301329959917906,
  "expected_max_sharpe": 1.0047978897279646,
  "probability": 0.6953966205445457,
  "trial_count": 5.0
}