{
  "observations": 356.0,
  "r_squared": 0.7168344053449013,
  "alpha_annualized": 0.06752751435988859,
  "alpha_t_stat": 0.9747499282149897,
  "coverage": 1.0
}