delisting_return,ending_value,total_return,delisting_liquidations
0.0,1139138.1224576845,0.13913812245768442,0
-0.3,1139138.1224576845,0.13913812245768442,0
-1.0,1139138.1224576845,0.13913812245768442,0
