{
  "observed_sharpe": 0.9273747737731025,
  "expected_max_sharpe": 1.0197252629397788,
  "probability": 0.4156444181316028,
  "trial_count": 62.0
}