{
  "observations": 1319.0,
  "r_squared": 0.8848189755627769,
  "alpha_annualized": 0.017587010701979447,
  "alpha_t_stat": 0.6721591026117673
}