{
  "observed_sharpe": 1.4301329961262474,
  "expected_max_sharpe": 0.7185145635091217,
  "probability": 0.8038039141888115,
  "trial_count": 3.0
}