{
  "observations": 356.0,
  "r_squared": 0.7168344055346101,
  "alpha_annualized": 0.06752751446512274,
  "alpha_t_stat": 0.9747499297797483,
  "coverage": 1.0
}