{
  "observed_sharpe": 0.9402336194689033,
  "expected_max_sharpe": 1.0248319646767494,
  "probability": 0.42250774139874475,
  "trial_count": 64.0
}