{
  "observations": 1319.0,
  "r_squared": 0.8962600515791819,
  "alpha_annualized": 0.02741644805396787,
  "alpha_t_stat": 1.071717414480295
}