{
  "observed_sharpe": 1.4301329959917906,
  "expected_max_sharpe": 0.8864465128790512,
  "probability": 0.7432673574815835,
  "trial_count": 4.0
}