delisting_return,ending_value,total_return,delisting_liquidations
0.0,2594722.223571188,1.5947222235711878,0
-0.3,2594722.223571188,1.5947222235711878,0
-1.0,2594722.223571188,1.5947222235711878,0
