delisting_return,ending_value,total_return,delisting_liquidations
0.0,1791078.1602075198,0.7910781602075199,0
-0.3,1791078.1602075198,0.7910781602075199,0
-1.0,1791078.1602075198,0.7910781602075199,0
