delisting_return,ending_value,total_return,delisting_liquidations
0.0,6989910.910782354,5.989910910782354,0
-0.3,6989910.910782354,5.989910910782354,0
-1.0,6989910.910782354,5.989910910782354,0
