delisting_return,ending_value,total_return,delisting_liquidations
0.0,9367368.881088285,8.367368881088284,0
-0.3,9367368.881088285,8.367368881088284,0
-1.0,9367368.881088285,8.367368881088284,0
