test,setting,run_id,cagr,sharpe_ratio,max_drawdown
base,configured,20260613T113549Z-backtest-e7564dc3,0.209455905328932,1.1341951611821497,-0.33603106637487545
