delisting_return,ending_value,total_return,delisting_liquidations
0.0,1168263.927475552,0.16826392747555197,0
-0.3,1168263.927475552,0.16826392747555197,0
-1.0,1168263.927475552,0.16826392747555197,0
