delisting_return,ending_value,total_return,delisting_liquidations
0.0,7249581.0565372165,6.249581056537217,0
-0.3,7249581.0565372165,6.249581056537217,0
-1.0,7249581.0565372165,6.249581056537217,0
