{
  "observed_sharpe": 0.8567038408200311,
  "expected_max_sharpe": 1.0297620747300142,
  "probability": 0.34487942732792554,
  "trial_count": 66.0
}