{
  "observations": 1319.0,
  "r_squared": 0.8429971212995111,
  "alpha_annualized": 0.02569015197803891,
  "alpha_t_stat": 0.804458236747878
}