model_type,folds,mean_mse,mean_mae,mean_rank_ic
lightgbm,20,0.077021369030316,0.239107324981307,0.00906797639705482
