delisting_return,ending_value,total_return,delisting_liquidations
0.0,6989910.911694527,5.989910911694527,0
-0.3,6989910.911694527,5.989910911694527,0
-1.0,6989910.911694527,5.989910911694527,0
