{
  "observed_sharpe": 1.040943937224403,
  "expected_max_sharpe": 1.0368506039278993,
  "probability": 0.5037506820431601,
  "trial_count": 69.0
}