{
  "observations": 1319.0,
  "r_squared": 0.8575304647941628,
  "alpha_annualized": 0.04047400848141403,
  "alpha_t_stat": 1.33180098614384
}