model_type,folds,mean_mse,mean_mae,mean_rank_ic
lightgbm,12,0.07745468287080111,0.23976225111178592,0.01640339844651926
