delisting_return,ending_value,total_return,delisting_liquidations
0.0,4664958.669901067,3.6649586699010674,0
-0.3,4664958.669901067,3.6649586699010674,0
-1.0,4664958.669901067,3.6649586699010674,0
