test,setting,run_id,cagr,sharpe_ratio,max_drawdown
base,configured,20260613T115415Z-backtest-01e41c77,0.209455905328932,1.1341951611821497,-0.33603106637487545
