model_type,folds,mean_mse,mean_mae,mean_rank_ic
lightgbm,20,0.07707575888475235,0.23914071349947497,0.013305886700007787
