{
  "observed_sharpe": 0.8648536337676732,
  "expected_max_sharpe": 1.0144294695688636,
  "probability": 0.3651343952554874,
  "trial_count": 60.0
}