{
  "observations": 1319.0,
  "r_squared": 0.8608923134821052,
  "alpha_annualized": 0.021590084801220176,
  "alpha_t_stat": 0.7800455540876959
}