delisting_return,ending_value,total_return,delisting_liquidations
0.0,3018706.1829555947,2.0187061829555946,0
-0.3,3018706.1829555947,2.0187061829555946,0
-1.0,3018706.1829555947,2.0187061829555946,0
