{
  "observed_sharpe": 0.9346829649926183,
  "expected_max_sharpe": 1.034526912304177,
  "probability": 0.4088204339745438,
  "trial_count": 68.0
}