{
  "observations": 1319.0,
  "r_squared": 0.8474307314674873,
  "alpha_annualized": 0.031796611932401055,
  "alpha_t_stat": 0.9123803959583763
}