delisting_return,ending_value,total_return,delisting_liquidations
0.0,7249581.013302694,6.249581013302694,0
-0.3,7249581.013302694,6.249581013302694,0
-1.0,7249581.013302694,6.249581013302694,0
