delisting_return,ending_value,total_return,delisting_liquidations
0.0,7546843.070207432,6.546843070207432,0
-0.3,7546843.070207432,6.546843070207432,0
-1.0,7546843.070207432,6.546843070207432,0
