test,setting,run_id,cagr,sharpe_ratio,max_drawdown
base,configured,20260613T120714Z-backtest-22772ab7,0.20019183179034283,1.1095096044898094,-0.33104154649223094
