{
  "observed_sharpe": 0.8541136742891261,
  "expected_max_sharpe": 1.0223014395058285,
  "probability": 0.34875571836618063,
  "trial_count": 63.0
}