{
  "observations": 1319.0,
  "r_squared": 0.8769298920015098,
  "alpha_annualized": 0.012116425086723032,
  "alpha_t_stat": 0.4360662247486361
}